ClassIndex,Category,Total_Images,Herbarium_Count,Photo_Count
102689,herbarium-only,393,324,0
104587,herbarium-only,31,27,0
105927,with-pairs,1292,1247,0
105951,with-pairs,64,42,3
105965,herbarium-only,15,0,0
106023,with-pairs,615,485,15
106387,with-pairs,188,131,5
106398,herbarium-only,14,7,0
106413,with-pairs,46,23,6
106461,with-pairs,356,0,0
106466,with-pairs,42,25,11
106690,herbarium-only,12,11,0
108581,herbarium-only,7,4,0
108743,with-pairs,1760,1671,0
109922,herbarium-only,507,443,0
109976,herbarium-only,535,371,0
110027,herbarium-only,663,589,0
110432,with-pairs,152,141,10
11438,herbarium-only,13,13,0
116853,with-pairs,209,189,4
117064,herbarium-only,350,198,0
117166,with-pairs,647,411,0
118800,herbarium-only,321,229,0
119986,with-pairs,327,244,1
120031,herbarium-only,270,222,0
120045,herbarium-only,461,0,0
120497,with-pairs,42,33,4
120499,herbarium-only,23,20,0
120508,herbarium-only,17,14,0
120562,herbarium-only,17,13,0
120569,herbarium-only,104,98,0
120745,herbarium-only,26,15,0
120786,herbarium-only,16,6,0
120980,herbarium-only,65,50,0
121037,herbarium-only,21,13,0
121088,herbarium-only,7,6,0
121825,with-pairs,105,93,4
121836,with-pairs,265,223,9
121841,with-pairs,190,159,5
121854,with-pairs,94,77,5
12254,with-pairs,1432,1252,18
122564,herbarium-only,379,330,0
12518,with-pairs,911,837,19
125412,with-pairs,297,215,3
126895,with-pairs,443,426,1
127007,with-pairs,198,175,3
127020,herbarium-only,76,53,0
127097,with-pairs,61,35,9
127151,with-pairs,550,432,27
127242,with-pairs,261,207,3
128664,herbarium-only,55,42,0
12910,with-pairs,928,766,21
12922,with-pairs,2120,1658,24
12924,herbarium-only,166,152,0
12932,herbarium-only,73,57,0
129339,herbarium-only,189,183,0
12937,herbarium-only,181,165,0
129442,herbarium-only,13,11,0
129645,with-pairs,231,187,12
130017,herbarium-only,115,115,0
130657,with-pairs,254,208,5
131079,with-pairs,1372,1272,23
131128,herbarium-only,1490,1372,0
131736,with-pairs,988,926,29
132107,with-pairs,873,819,6
132113,with-pairs,67,50,3
132325,with-pairs,80,73,3
13239,herbarium-only,547,0,0
132431,with-pairs,422,337,51
132476,with-pairs,479,465,11
132501,with-pairs,529,504,13
132735,herbarium-only,81,0,0
13276,with-pairs,116,98,5
133181,herbarium-only,44,42,0
13325,with-pairs,67,57,3
133287,herbarium-only,414,341,0
13330,with-pairs,484,434,20
13336,with-pairs,40,39,1
133414,with-pairs,90,76,0
133595,with-pairs,612,542,47
133604,herbarium-only,168,129,0
133607,herbarium-only,20,20,0
133617,with-pairs,256,195,54
133630,herbarium-only,30,28,0
13370,with-pairs,319,294,21
13376,with-pairs,12,0,0
13390,with-pairs,123,110,10
13401,herbarium-only,27,27,0
13420,herbarium-only,114,104,0
135479,herbarium-only,46,28,0
13597,herbarium-only,110,109,0
13656,herbarium-only,215,207,0
136761,with-pairs,45,29,3
137051,herbarium-only,34,13,0
137122,herbarium-only,70,60,0
137133,herbarium-only,50,49,0
13796,herbarium-only,378,372,0
13811,herbarium-only,120,120,0
13820,herbarium-only,94,94,0
138662,with-pairs,208,142,22
13870,with-pairs,99,85,11
13879,herbarium-only,66,61,0
13907,with-pairs,45,36,9
140367,with-pairs,39,22,15
14044,herbarium-only,538,505,0
141068,with-pairs,261,135,9
141332,with-pairs,553,477,2
141336,with-pairs,516,510,1
141508,with-pairs,57,39,0
141856,herbarium-only,703,592,0
142550,with-pairs,99,68,12
142564,herbarium-only,23,12,0
142584,herbarium-only,271,234,0
142646,herbarium-only,24,17,0
142653,with-pairs,381,354,0
142661,herbarium-only,111,102,0
142736,with-pairs,61,32,29
142779,herbarium-only,15,15,0
14287,herbarium-only,101,93,0
14294,with-pairs,79,54,22
14314,with-pairs,49,0,0
143466,herbarium-only,197,170,0
143496,with-pairs,1083,971,21
14353,with-pairs,272,239,33
14359,with-pairs,46,0,0
143674,herbarium-only,195,0,0
143676,herbarium-only,256,210,0
143697,herbarium-only,814,716,0
143706,with-pairs,277,219,2
143710,with-pairs,547,447,6
143731,herbarium-only,322,0,0
143749,herbarium-only,586,543,0
143755,herbarium-only,1517,1354,0
143758,with-pairs,420,416,4
143780,herbarium-only,227,189,0
143783,herbarium-only,210,188,0
14401,with-pairs,90,81,4
14402,herbarium-only,276,262,0
144341,herbarium-only,313,223,0
144357,herbarium-only,60,38,0
144377,herbarium-only,7,7,0
144384,herbarium-only,43,26,0
144394,with-pairs,553,426,6
144643,herbarium-only,60,38,0
145020,with-pairs,142,117,4
145231,herbarium-only,51,50,0
14741,herbarium-only,131,131,0
14766,with-pairs,95,62,32
148077,herbarium-only,298,241,0
148080,herbarium-only,116,108,0
148086,herbarium-only,80,76,0
148220,with-pairs,62,51,3
148291,herbarium-only,73,68,0
148446,herbarium-only,200,106,0
148977,with-pairs,169,140,18
149264,with-pairs,64,45,10
14939,with-pairs,78,62,8
149682,with-pairs,26,17,4
149919,with-pairs,211,186,15
150135,with-pairs,134,101,13
15014,with-pairs,83,81,2
150179,herbarium-only,299,295,0
150888,herbarium-only,667,576,0
15089,with-pairs,27,12,15
15091,with-pairs,37,29,0
15119,with-pairs,30,24,6
15120,herbarium-only,471,433,0
15135,with-pairs,40,28,11
15140,herbarium-only,133,132,0
151469,with-pairs,422,350,14
15147,herbarium-only,466,455,0
151593,with-pairs,107,96,4
152143,herbarium-only,127,118,0
15318,with-pairs,420,328,10
15330,with-pairs,76,73,3
15336,with-pairs,22,20,2
15355,with-pairs,195,177,7
15382,herbarium-only,86,80,0
15409,herbarium-only,20,19,0
156069,herbarium-only,56,55,0
156425,herbarium-only,13,12,0
156430,herbarium-only,3,2,0
156435,herbarium-only,3,2,0
156507,herbarium-only,41,38,0
156516,with-pairs,45,11,23
156523,herbarium-only,13,13,0
156526,with-pairs,60,37,20
156529,herbarium-only,129,106,0
156530,herbarium-only,52,48,0
156543,herbarium-only,46,39,0
157810,herbarium-only,4,4,0
157841,herbarium-only,48,43,0
157842,herbarium-only,28,21,0
157870,herbarium-only,82,73,0
157894,herbarium-only,27,21,0
157911,herbarium-only,19,16,0
157917,herbarium-only,10,6,0
158323,herbarium-only,110,102,0
158341,with-pairs,157,97,48
158534,herbarium-only,35,29,0
158542,herbarium-only,39,38,0
158592,with-pairs,353,318,20
158596,herbarium-only,23,23,0
158612,herbarium-only,71,48,0
158629,herbarium-only,16,15,0
158653,with-pairs,230,192,31
158668,herbarium-only,123,114,0
158728,herbarium-only,425,418,0
158736,with-pairs,278,223,29
158784,herbarium-only,10,9,0
158793,with-pairs,98,80,11
158816,herbarium-only,13,13,0
158833,with-pairs,233,193,25
158866,herbarium-only,12,12,0
158884,herbarium-only,101,89,0
158894,herbarium-only,20,20,0
159248,herbarium-only,34,33,0
159434,with-pairs,284,255,1
159437,herbarium-only,208,194,0
159445,herbarium-only,164,150,0
159483,with-pairs,1409,1254,14
159486,herbarium-only,149,131,0
159490,herbarium-only,235,216,0
159505,herbarium-only,450,412,0
159516,with-pairs,463,417,4
159518,with-pairs,1146,1004,2
159535,herbarium-only,325,299,0
159539,herbarium-only,18,18,0
159541,herbarium-only,473,424,0
159581,with-pairs,788,676,2
159597,herbarium-only,644,527,0
159625,herbarium-only,301,245,0
159627,herbarium-only,263,261,0
159629,herbarium-only,80,77,0
159630,with-pairs,421,380,14
159637,herbarium-only,322,322,0
159640,herbarium-only,206,196,0
159647,with-pairs,238,215,1
159714,herbarium-only,24,0,0
159719,herbarium-only,78,0,0
160570,with-pairs,51,30,8
161033,herbarium-only,23,23,0
162067,herbarium-only,32,29,0
166135,herbarium-only,387,375,0
166405,herbarium-only,179,176,0
166822,with-pairs,1092,1021,23
166869,with-pairs,467,396,9
167094,herbarium-only,398,346,0
167503,with-pairs,450,390,20
167549,herbarium-only,76,68,0
167721,herbarium-only,153,0,0
167811,with-pairs,405,389,1
167813,with-pairs,620,546,3
167921,herbarium-only,1799,1749,0
168290,herbarium-only,13,13,0
169293,with-pairs,1552,1410,32
169457,herbarium-only,79,77,0
169479,with-pairs,78,61,3
169495,herbarium-only,46,39,0
169611,herbarium-only,97,97,0
169943,with-pairs,460,351,0
17032,with-pairs,573,527,0
170879,with-pairs,705,549,18
170934,with-pairs,339,312,18
171057,herbarium-only,222,138,0
171067,herbarium-only,97,57,0
171131,with-pairs,137,103,12
171333,herbarium-only,8,5,0
171452,herbarium-only,139,115,0
171479,herbarium-only,24,0,0
171485,herbarium-only,550,488,0
171495,herbarium-only,190,157,0
171727,with-pairs,473,390,29
173155,with-pairs,895,801,18
173907,herbarium-only,66,56,0
173912,herbarium-only,37,33,0
173914,with-pairs,383,307,34
173972,with-pairs,482,387,26
174017,with-pairs,657,516,30
174029,herbarium-only,19,18,0
174063,herbarium-only,56,53,0
174066,with-pairs,414,345,11
174076,herbarium-only,41,41,0
174087,herbarium-only,117,98,0
174137,with-pairs,333,314,10
174138,herbarium-only,12,11,0
174158,herbarium-only,164,141,0
174163,with-pairs,228,178,11
174165,herbarium-only,344,280,0
174170,herbarium-only,19,16,0
174188,herbarium-only,31,28,0
174207,herbarium-only,46,43,0
174213,with-pairs,183,155,15
174233,with-pairs,188,148,20
174252,with-pairs,517,475,20
176381,herbarium-only,289,261,0
176453,herbarium-only,583,499,0
176461,with-pairs,577,496,20
177501,herbarium-only,6,6,0
177730,with-pairs,417,347,22
177775,with-pairs,503,412,29
178094,with-pairs,181,0,0
178589,herbarium-only,63,49,0
178591,herbarium-only,72,44,0
178637,herbarium-only,3,3,0
178654,herbarium-only,67,53,0
179451,herbarium-only,36,33,0
179495,with-pairs,151,108,12
179511,herbarium-only,8,8,0
179512,with-pairs,61,47,5
179616,herbarium-only,23,23,0
179643,herbarium-only,289,199,0
180253,herbarium-only,15,15,0
180255,herbarium-only,79,64,0
180446,herbarium-only,41,23,0
180631,with-pairs,406,346,8
181966,herbarium-only,33,33,0
181973,with-pairs,64,63,1
182092,with-pairs,603,506,27
182140,with-pairs,239,0,0
182246,with-pairs,1900,0,0
182247,with-pairs,1684,1505,18
182826,herbarium-only,37,32,0
182907,herbarium-only,58,55,0
183060,herbarium-only,47,34,0
183061,with-pairs,464,386,10
183069,herbarium-only,144,137,0
183113,herbarium-only,16,13,0
183144,herbarium-only,16,16,0
183176,herbarium-only,151,150,0
183194,with-pairs,241,166,42
183297,herbarium-only,39,34,0
183298,herbarium-only,70,0,0
183304,with-pairs,487,396,9
183305,with-pairs,82,44,34
183318,herbarium-only,50,48,0
183350,herbarium-only,192,144,0
184434,with-pairs,20,14,4
184849,with-pairs,296,249,40
185128,herbarium-only,3,0,0
185133,herbarium-only,3,0,0
185302,with-pairs,679,615,3
185321,with-pairs,337,300,3
185430,with-pairs,1317,1194,23
186582,herbarium-only,217,214,0
186696,herbarium-only,129,106,0
186704,herbarium-only,100,95,0
186714,herbarium-only,559,547,0
186746,herbarium-only,131,125,0
186757,herbarium-only,225,203,0
187279,herbarium-only,660,605,0
187306,with-pairs,213,151,18
187390,herbarium-only,13,0,0
187515,herbarium-only,71,66,0
187824,herbarium-only,29,29,0
188837,herbarium-only,233,230,0
189086,with-pairs,1656,1482,5
189087,herbarium-only,1197,1088,0
189172,herbarium-only,1957,1813,0
189532,with-pairs,254,0,0
189549,with-pairs,440,412,9
189669,with-pairs,306,264,23
190183,with-pairs,69,42,7
190287,herbarium-only,31,14,0
191373,with-pairs,108,93,12
191642,with-pairs,290,252,34
19165,with-pairs,930,839,9
191839,herbarium-only,364,360,0
192142,herbarium-only,48,42,0
192285,herbarium-only,88,88,0
192311,with-pairs,427,382,28
193141,with-pairs,578,553,12
19341,with-pairs,426,399,1
193515,with-pairs,2082,1698,0
193600,herbarium-only,204,163,0
193927,with-pairs,253,220,7
194035,with-pairs,682,574,30
194115,with-pairs,87,68,8
194252,herbarium-only,24,24,0
194701,herbarium-only,252,208,0
194716,herbarium-only,5,5,0
19489,with-pairs,1918,1741,20
195192,herbarium-only,79,79,0
195201,with-pairs,232,215,1
195246,herbarium-only,269,269,0
195454,with-pairs,3058,3023,9
195628,herbarium-only,159,100,0
195663,herbarium-only,129,97,0
195688,herbarium-only,17,13,0
195752,with-pairs,723,530,7
195768,herbarium-only,611,286,0
195770,herbarium-only,51,34,0
196487,herbarium-only,17,14,0
196781,with-pairs,473,406,2
196785,herbarium-only,126,126,0
196866,with-pairs,55,0,0
196912,with-pairs,238,216,6
196966,with-pairs,271,221,8
19758,with-pairs,54,44,8
197755,with-pairs,584,443,2
197761,herbarium-only,909,711,0
197791,with-pairs,293,251,13
197861,herbarium-only,196,168,0
197919,with-pairs,725,604,3
198260,herbarium-only,400,352,0
198307,with-pairs,739,513,16
198315,herbarium-only,140,124,0
198341,herbarium-only,71,68,0
198363,with-pairs,326,272,9
198419,herbarium-only,179,163,0
198471,herbarium-only,439,357,0
198555,herbarium-only,167,151,0
198557,herbarium-only,143,127,0
198802,with-pairs,561,508,0
198819,herbarium-only,91,84,0
19887,with-pairs,107,97,6
198971,herbarium-only,343,287,0
199099,herbarium-only,310,268,0
199111,herbarium-only,257,209,0
199158,herbarium-only,130,107,0
199197,herbarium-only,204,169,0
199220,herbarium-only,709,634,0
199580,herbarium-only,61,44,0
199587,with-pairs,599,488,4
199591,herbarium-only,259,199,0
199627,herbarium-only,338,263,0
199672,herbarium-only,280,228,0
199728,herbarium-only,426,376,0
199742,with-pairs,298,240,4
199744,with-pairs,1042,885,3
199810,with-pairs,132,107,8
199838,herbarium-only,92,68,0
199938,with-pairs,527,412,3
200006,with-pairs,346,284,3
200031,herbarium-only,402,326,0
200075,with-pairs,54,40,8
200087,with-pairs,604,499,6
200119,with-pairs,1161,914,8
200202,with-pairs,110,92,4
200204,with-pairs,305,238,5
200215,with-pairs,1841,1503,2
200228,herbarium-only,186,150,0
200249,with-pairs,473,383,4
200319,with-pairs,58,39,11
200320,with-pairs,747,603,2
200338,with-pairs,512,377,1
200402,with-pairs,295,171,7
200638,herbarium-only,81,73,0
200640,herbarium-only,174,168,0
200660,herbarium-only,379,326,0
200676,herbarium-only,95,83,0
200679,with-pairs,68,59,3
200692,with-pairs,126,93,10
200704,herbarium-only,129,97,0
200712,with-pairs,870,726,21
200877,with-pairs,717,600,1
200915,with-pairs,855,714,1
201073,with-pairs,581,502,2
201318,herbarium-only,1119,910,0
201384,with-pairs,199,171,1
201444,herbarium-only,146,140,0
201652,with-pairs,276,196,18
201678,with-pairs,635,542,16
201893,herbarium-only,942,724,0
202049,with-pairs,371,338,7
202107,with-pairs,213,151,3
202118,with-pairs,837,596,0
202134,herbarium-only,117,83,0
202271,herbarium-only,13,0,0
202825,with-pairs,412,343,3
203347,with-pairs,165,151,5
203918,herbarium-only,1,0,0
2041,with-pairs,196,164,12
204178,herbarium-only,5,4,0
204277,herbarium-only,147,126,0
204432,herbarium-only,103,0,0
204499,with-pairs,125,0,0
204775,with-pairs,163,123,9
204777,herbarium-only,165,146,0
20515,herbarium-only,216,207,0
205170,herbarium-only,163,158,0
205179,herbarium-only,145,141,0
205564,with-pairs,124,106,11
206694,with-pairs,87,66,12
206710,herbarium-only,95,68,0
206728,with-pairs,30,0,0
206729,with-pairs,23,14,6
206767,with-pairs,716,594,5
206874,with-pairs,375,329,9
206927,herbarium-only,81,58,0
207009,with-pairs,655,510,21
207042,with-pairs,88,0,0
2071,herbarium-only,246,148,0
207161,with-pairs,313,222,2
207167,herbarium-only,136,117,0
207375,with-pairs,337,284,8
207441,with-pairs,549,443,47
207452,with-pairs,1040,851,4
207470,with-pairs,55,37,13
207575,with-pairs,47,36,6
207589,herbarium-only,30,20,0
208641,with-pairs,367,285,16
208673,with-pairs,412,293,20
208724,herbarium-only,137,119,0
208788,with-pairs,824,709,1
208865,with-pairs,424,320,16
208949,herbarium-only,76,0,0
208956,herbarium-only,110,102,0
208971,with-pairs,1325,1083,10
208994,herbarium-only,627,448,0
209006,with-pairs,388,309,15
209078,with-pairs,895,775,14
209327,with-pairs,1284,1116,8
209328,with-pairs,1155,1015,21
211059,with-pairs,2760,2562,33
211075,herbarium-only,679,598,0
211519,with-pairs,94,0,0
211755,herbarium-only,82,78,0
211759,herbarium-only,19,0,0
211958,herbarium-only,24,23,0
212012,herbarium-only,92,88,0
212087,herbarium-only,45,34,0
212120,herbarium-only,69,69,0
212199,herbarium-only,3,0,0
212213,herbarium-only,55,44,0
212342,with-pairs,79,60,10
212378,herbarium-only,13,11,0
212384,herbarium-only,96,82,0
212395,herbarium-only,134,101,0
212412,herbarium-only,103,94,0
212920,with-pairs,326,303,2
21329,with-pairs,257,211,0
213809,herbarium-only,335,282,0
213831,with-pairs,848,775,4
213841,herbarium-only,689,605,0
213850,with-pairs,1704,1611,4
213864,herbarium-only,514,437,0
213866,with-pairs,3775,3429,13
21388,herbarium-only,108,100,0
21391,herbarium-only,155,138,0
214245,herbarium-only,66,63,0
216314,herbarium-only,4,4,0
21718,herbarium-only,408,363,0
21973,herbarium-only,314,281,0
220108,herbarium-only,73,72,0
22118,herbarium-only,259,247,0
22180,herbarium-only,456,428,0
22256,with-pairs,606,504,7
22319,with-pairs,214,187,2
22348,herbarium-only,22,14,0
226017,with-pairs,384,363,9
229370,herbarium-only,83,82,0
229955,herbarium-only,4,4,0
23107,with-pairs,305,266,2
232112,herbarium-only,2,2,0
23429,herbarium-only,175,168,0
235182,herbarium-only,22,20,0
236883,with-pairs,20,17,3
237053,with-pairs,324,306,12
237937,herbarium-only,157,152,0
2401,with-pairs,689,555,5
242361,herbarium-only,57,54,0
244705,with-pairs,507,453,36
24557,with-pairs,305,227,4
248199,with-pairs,193,136,4
248283,herbarium-only,67,42,0
248325,herbarium-only,82,57,0
248357,herbarium-only,109,89,0
248374,herbarium-only,31,28,0
248392,with-pairs,675,575,27
248478,with-pairs,441,412,20
248950,herbarium-only,96,79,0
249138,herbarium-only,187,164,0
249436,with-pairs,86,83,3
250534,herbarium-only,42,42,0
251291,with-pairs,962,940,9
251585,herbarium-only,84,80,0
251624,with-pairs,856,829,0
252665,herbarium-only,218,178,0
252779,herbarium-only,46,44,0
252811,with-pairs,583,566,4
253046,herbarium-only,384,376,0
253695,herbarium-only,12,12,0
253836,with-pairs,255,215,1
254000,with-pairs,312,293,6
254111,with-pairs,176,0,0
254180,with-pairs,241,194,31
256363,herbarium-only,941,930,0
257336,with-pairs,195,175,6
26327,with-pairs,128,100,6
26393,with-pairs,200,191,6
26635,with-pairs,99,85,4
270090,herbarium-only,195,186,0
270961,with-pairs,213,164,4
271764,with-pairs,778,660,11
271781,with-pairs,397,305,14
27221,with-pairs,115,101,12
273462,with-pairs,382,275,2
274102,herbarium-only,99,96,0
274108,with-pairs,834,669,8
274114,with-pairs,733,497,15
274118,with-pairs,469,349,4
274257,with-pairs,971,837,13
27455,herbarium-only,3,3,0
27457,with-pairs,137,126,10
274693,with-pairs,486,479,7
27492,with-pairs,103,100,3
275029,with-pairs,1127,1073,25
275255,with-pairs,193,186,5
27569,herbarium-only,110,109,0
27581,herbarium-only,18,18,0
276624,herbarium-only,78,76,0
27760,with-pairs,228,200,2
27803,with-pairs,175,155,10
279396,herbarium-only,12,5,0
279552,with-pairs,382,290,24
279730,with-pairs,856,747,5
279732,with-pairs,749,0,0
279781,herbarium-only,418,369,0
279787,herbarium-only,481,412,0
279833,herbarium-only,263,241,0
279848,with-pairs,1607,1481,1
279849,herbarium-only,183,177,0
279853,herbarium-only,384,360,0
279869,with-pairs,688,617,2
279877,herbarium-only,113,110,0
279884,with-pairs,674,584,5
27989,herbarium-only,159,147,0
279895,herbarium-only,1359,1245,0
279923,herbarium-only,602,540,0
279924,herbarium-only,1333,0,0
279988,herbarium-only,291,257,0
280085,with-pairs,906,826,23
28014,with-pairs,131,110,6
28037,with-pairs,80,74,2
28066,with-pairs,98,90,2
280698,with-pairs,3530,3216,46
280745,herbarium-only,608,483,0
280887,herbarium-only,226,189,0
281000,herbarium-only,122,122,0
281017,herbarium-only,1455,1340,0
28131,with-pairs,99,85,4
28143,with-pairs,115,108,1
28154,herbarium-only,39,39,0
28203,herbarium-only,46,45,0
28225,herbarium-only,110,110,0
28235,with-pairs,115,111,4
283776,herbarium-only,205,187,0
284430,herbarium-only,247,212,0
285297,with-pairs,549,530,7
285398,with-pairs,838,647,22
28904,with-pairs,301,271,10
29013,with-pairs,136,121,1
290677,with-pairs,394,280,17
291840,with-pairs,123,90,9
291847,herbarium-only,2,2,0
292093,herbarium-only,39,29,0
292096,herbarium-only,105,83,0
292111,herbarium-only,110,78,0
292732,herbarium-only,3,3,0
293248,herbarium-only,25,15,0
293559,herbarium-only,42,16,0
294700,with-pairs,232,180,12
295591,herbarium-only,53,41,0
29586,with-pairs,1802,1731,9
296317,herbarium-only,30,28,0
29686,with-pairs,613,0,0
297360,herbarium-only,2,2,0
298602,herbarium-only,43,30,0
298670,with-pairs,220,103,13
299768,herbarium-only,213,177,0
301640,herbarium-only,84,63,0
301929,with-pairs,405,265,13
302476,herbarium-only,13,12,0
302787,herbarium-only,74,50,0
302866,herbarium-only,35,23,0
303214,herbarium-only,48,20,0
30431,herbarium-only,894,0,0
305648,herbarium-only,284,193,0
305773,herbarium-only,133,91,0
305857,herbarium-only,15,9,0
306466,herbarium-only,8,8,0
306577,herbarium-only,9,2,0
306775,herbarium-only,640,496,0
306822,herbarium-only,358,230,0
306879,herbarium-only,28,19,0
306892,with-pairs,844,632,11
306921,herbarium-only,12,9,0
306961,herbarium-only,410,240,0
306966,with-pairs,435,367,12
307230,with-pairs,258,144,0
307446,herbarium-only,115,73,0
308130,with-pairs,378,344,2
308678,herbarium-only,318,284,0
30924,herbarium-only,109,109,0
30925,herbarium-only,157,157,0
30929,herbarium-only,106,106,0
30937,herbarium-only,109,109,0
309517,herbarium-only,38,35,0
309819,with-pairs,72,46,5
309845,with-pairs,172,161,0
309849,with-pairs,298,248,28
30986,herbarium-only,10,10,0
309983,with-pairs,330,317,11
31014,herbarium-only,164,164,0
31016,herbarium-only,200,200,0
31023,herbarium-only,180,180,0
31032,herbarium-only,192,192,0
310335,with-pairs,367,299,18
310355,herbarium-only,39,36,0
310373,with-pairs,19,8,4
31042,with-pairs,224,223,1
310554,with-pairs,1025,997,0
31061,with-pairs,145,140,3
310653,with-pairs,276,236,5
31066,herbarium-only,158,158,0
31071,herbarium-only,157,0,0
31075,herbarium-only,181,181,0
310768,herbarium-only,92,88,0
31082,with-pairs,590,585,2
310829,with-pairs,220,200,1
310914,herbarium-only,201,197,0
310933,with-pairs,80,66,13
311021,herbarium-only,107,96,0
311053,with-pairs,174,154,5
311149,with-pairs,572,535,0
311160,with-pairs,549,504,10
311165,herbarium-only,68,58,0
311202,herbarium-only,45,38,0
311210,herbarium-only,156,153,0
311223,herbarium-only,69,54,0
311252,herbarium-only,115,100,0
311258,herbarium-only,160,150,0
311462,herbarium-only,384,370,0
311513,herbarium-only,35,32,0
311546,herbarium-only,13,11,0
311557,herbarium-only,133,115,0
311563,herbarium-only,75,68,0
311565,herbarium-only,37,33,0
311974,herbarium-only,11,9,0
312000,herbarium-only,35,26,0
312005,herbarium-only,34,22,0
312024,herbarium-only,55,54,0
312054,herbarium-only,100,89,0
312118,herbarium-only,18,0,0
312121,herbarium-only,17,9,0
312135,herbarium-only,32,23,0
312150,herbarium-only,46,41,0
312158,herbarium-only,62,58,0
312172,herbarium-only,7,7,0
312184,herbarium-only,40,34,0
312237,herbarium-only,78,76,0
313517,with-pairs,745,635,2
313568,with-pairs,181,141,0
315398,herbarium-only,329,306,0
315564,herbarium-only,725,0,0
315584,herbarium-only,244,221,0
315597,herbarium-only,205,181,0
315603,herbarium-only,172,158,0
315651,with-pairs,327,305,4
315771,herbarium-only,39,37,0
315831,herbarium-only,12,1,0
315862,herbarium-only,137,0,0
315864,herbarium-only,127,114,0
315866,herbarium-only,366,339,0
315877,with-pairs,1013,861,50
315899,herbarium-only,30,19,0
316145,herbarium-only,39,0,0
316306,herbarium-only,185,167,0
316519,herbarium-only,496,444,0
317044,with-pairs,267,204,3
317444,with-pairs,2772,2521,50
317531,with-pairs,1914,1749,36
317643,herbarium-only,760,730,0
317709,herbarium-only,104,100,0
317765,with-pairs,3442,3129,40
317809,herbarium-only,426,340,0
317986,with-pairs,446,333,6
318110,with-pairs,37,29,7
318253,with-pairs,441,366,8
318313,herbarium-only,658,530,0
318639,with-pairs,586,474,3
318675,with-pairs,717,588,5
318743,herbarium-only,492,384,0
318807,with-pairs,1266,1091,50
318869,with-pairs,203,187,2
319098,with-pairs,240,191,20
319391,herbarium-only,25,24,0
320058,herbarium-only,923,778,0
320118,with-pairs,293,242,1
320168,herbarium-only,323,272,0
320188,herbarium-only,350,320,0
32035,with-pairs,131,124,2
32037,with-pairs,399,386,2
321160,herbarium-only,93,93,0
321261,herbarium-only,127,127,0
321303,herbarium-only,118,117,0
321529,herbarium-only,415,413,0
32248,with-pairs,382,363,6
32258,herbarium-only,374,372,0
32272,with-pairs,257,249,1
322921,herbarium-only,68,61,0
32293,herbarium-only,284,279,0
323153,with-pairs,179,154,13
32316,herbarium-only,125,125,0
323166,herbarium-only,105,100,0
323189,herbarium-only,155,143,0
324133,herbarium-only,64,62,0
32433,with-pairs,608,600,7
324330,herbarium-only,117,104,0
324340,herbarium-only,129,117,0
324344,with-pairs,198,173,9
324353,herbarium-only,10,0,0
324356,with-pairs,117,93,13
325055,with-pairs,616,515,18
325220,with-pairs,1238,1083,53
325552,with-pairs,94,61,1
325562,with-pairs,451,376,17
325605,with-pairs,577,500,0
325648,with-pairs,643,533,15
325681,with-pairs,1115,1001,23
326051,herbarium-only,50,42,0
326060,herbarium-only,97,75,0
326108,herbarium-only,243,202,0
326115,with-pairs,254,175,21
326175,herbarium-only,363,0,0
32768,herbarium-only,165,161,0
327875,herbarium-only,105,99,0
330070,with-pairs,42,20,12
330590,with-pairs,277,209,32
330705,with-pairs,60,55,3
331212,herbarium-only,130,92,0
331234,herbarium-only,55,31,0
33309,with-pairs,788,776,2
33348,herbarium-only,208,208,0
33693,with-pairs,65,41,19
3454,herbarium-only,188,158,0
3491,with-pairs,431,362,3
37194,herbarium-only,832,768,0
373,with-pairs,880,791,25
37371,herbarium-only,129,118,0
37382,herbarium-only,368,328,0
37525,herbarium-only,246,213,0
37545,with-pairs,1524,1306,3
38247,herbarium-only,992,929,0
38260,herbarium-only,344,298,0
38272,with-pairs,326,306,2
38515,herbarium-only,96,77,0
39604,with-pairs,345,296,8
41751,herbarium-only,11,4,0
41752,herbarium-only,45,45,0
41764,herbarium-only,8,5,0
41801,herbarium-only,72,68,0
41810,herbarium-only,88,80,0
41913,with-pairs,654,435,37
41921,with-pairs,208,158,7
41941,with-pairs,150,106,12
41992,with-pairs,491,438,29
42003,with-pairs,92,51,5
42046,with-pairs,475,358,21
42087,with-pairs,104,68,13
42122,herbarium-only,4,0,0
42180,with-pairs,162,130,0
42220,herbarium-only,475,447,0
42258,with-pairs,72,42,29
42264,with-pairs,109,69,12
42278,with-pairs,77,65,6
42289,herbarium-only,98,95,0
42532,with-pairs,206,170,15
42586,with-pairs,433,316,3
42594,with-pairs,144,114,14
42649,with-pairs,1284,1107,32
42658,with-pairs,229,186,4
42799,with-pairs,621,608,5
4283,with-pairs,457,287,8
4291,with-pairs,392,292,15
43548,with-pairs,874,652,3
50269,herbarium-only,86,86,0
50420,with-pairs,151,0,0
50551,with-pairs,201,170,0
50622,herbarium-only,47,47,0
51237,with-pairs,338,282,48
52657,with-pairs,253,216,26
52973,herbarium-only,150,145,0
53804,herbarium-only,192,187,0
54503,herbarium-only,363,344,0
54525,with-pairs,385,306,3
54543,with-pairs,1038,959,3
54566,herbarium-only,242,240,0
54580,with-pairs,46,39,2
54590,with-pairs,446,391,3
54594,herbarium-only,239,207,0
54595,with-pairs,168,104,7
54597,with-pairs,476,409,2
54608,herbarium-only,571,493,0
54615,with-pairs,497,420,12
54777,herbarium-only,129,127,0
55477,with-pairs,270,259,11
56868,with-pairs,800,768,15
57485,with-pairs,272,261,2
57572,herbarium-only,79,73,0
57575,herbarium-only,140,131,0
58398,with-pairs,1017,831,10
60188,herbarium-only,19,19,0
60309,with-pairs,1576,1395,0
60320,with-pairs,754,658,47
60646,with-pairs,262,244,15
60659,with-pairs,32,0,0
61750,with-pairs,199,146,19
61792,with-pairs,623,517,39
61859,herbarium-only,314,305,0
61862,with-pairs,456,343,17
61864,with-pairs,31,19,4
61866,with-pairs,191,149,8
620,herbarium-only,26,22,0
64672,herbarium-only,845,673,0
65211,herbarium-only,136,129,0
65910,with-pairs,88,17,69
65928,with-pairs,1219,1189,0
65935,herbarium-only,99,83,0
65939,herbarium-only,73,71,0
65949,with-pairs,25,13,8
65955,herbarium-only,95,95,0
65960,herbarium-only,16,15,0
65979,herbarium-only,91,85,0
66033,with-pairs,102,76,10
66056,herbarium-only,135,0,0
66070,with-pairs,29,23,5
66083,herbarium-only,313,247,0
66090,herbarium-only,131,120,0
66108,with-pairs,21,15,6
66115,herbarium-only,137,130,0
66121,with-pairs,163,0,0
66126,with-pairs,463,333,5
66143,herbarium-only,81,75,0
66171,herbarium-only,128,121,0
66173,with-pairs,40,32,6
66197,herbarium-only,204,182,0
66251,herbarium-only,48,47,0
66253,herbarium-only,56,53,0
66257,herbarium-only,348,229,0
66277,herbarium-only,212,186,0
66284,herbarium-only,22,22,0
66286,with-pairs,190,164,9
66297,herbarium-only,118,118,0
66303,herbarium-only,127,121,0
66306,with-pairs,162,137,5
66310,herbarium-only,34,29,0
66426,herbarium-only,196,190,0
66436,with-pairs,552,491,36
66853,herbarium-only,256,253,0
67084,with-pairs,398,358,3
67371,with-pairs,206,149,3
67374,herbarium-only,112,98,0
67386,with-pairs,224,163,7
67457,herbarium-only,589,450,0
67482,herbarium-only,418,334,0
67517,herbarium-only,5,3,0
67539,herbarium-only,31,15,0
67619,herbarium-only,16,0,0
67784,with-pairs,126,80,40
67786,with-pairs,141,105,30
67990,herbarium-only,102,94,0
68010,herbarium-only,62,53,0
68035,with-pairs,562,354,42
68084,with-pairs,41,34,5
68097,herbarium-only,23,0,0
68104,herbarium-only,117,117,0
6834,with-pairs,1038,1004,10
68607,with-pairs,223,190,8
68717,with-pairs,321,230,10
68769,herbarium-only,676,628,0
68821,herbarium-only,254,210,0
69125,with-pairs,2729,2595,62
69226,with-pairs,81,66,14
69344,with-pairs,455,376,25
69391,herbarium-only,78,75,0
72999,herbarium-only,450,0,0
73884,herbarium-only,493,426,0
76188,herbarium-only,588,434,0
7660,with-pairs,341,303,4
76694,with-pairs,1816,0,0
77596,with-pairs,896,636,6
7767,with-pairs,1237,1228,0
79435,with-pairs,1041,862,10
80596,with-pairs,2022,1837,53
80672,with-pairs,1678,1467,10
80735,with-pairs,975,826,13
80894,with-pairs,1143,1126,6
8656,with-pairs,162,150,3
87237,herbarium-only,376,267,0
90626,with-pairs,1366,1052,13
93740,with-pairs,75,53,0
95163,herbarium-only,319,269,0
98464,with-pairs,1025,867,0
99040,with-pairs,520,451,18
99232,with-pairs,1430,1283,13
108335,photo-only,8,0,8
